,date,stock,order,volumn,price,GrossAmount,comm.,vat,AmountDue,FirstName,LastName
0,11/04/2023,JTS,S,800,35.75,"28,600.00",29.18,2.04,"28,568.78",พันธสัญญ์,ภูมิบรรเจิด
1,10/04/2023,IP,B,"1,000",12.30,"12,300.00",10.09,0.71,"12,310.80",อรทัย,บุญจิราภรณ์
2,12/04/2023,BRR-W2,B,500,1.58,790.00,0.69,0.05,790.74,อนุสรา,นพกาศ
3,12/04/2023,BRR-W2,S,500,1.50,749.00,0.65,0.04,748.31,อนุสรา,นพกาศ
4,17/04/2023,ROJNA,S,"5,000",6.50,"32,500.00",26.66,1.87,"32,471.47",ศิรมณ์,เสถียรรัมย์
5,17/04/2023,THANI,B,"4,000",3.83,"15,320.00",13.33,0.93,"15,334.26",อนุสรา,นพกาศ
6,17/04/2023,AMATA,S,800,23.60,"18,880.00",16.42,1.15,"18,862.43",อนุสรา,นพกาศ
7,17/04/2023,BCH,S,500,21.80,"10,900.00",9.48,0.66,"10,889.86",อนุสรา,นพกาศ
8,17/04/2023,ROJNA,S,"2,400",6.60,"15,840.00",13.79,0.97,"15,825.24",อนุสรา,นพกาศ
9,12/04/2023,PROEN,B,"6,800",6.25,"42,500.00",43.36,3.04,"42,546.40",พันธสัญญ์,ภูมิบรรเจิด
10,12/04/2023,SICT,B,"4,000",10.40,"41,600.00",42.44,2.97,"41,645.41",พันธสัญญ์,ภูมิบรรเจิด
11,12/04/2023,SICT,S,"4,000",10.60,"42,400.00",43.24,3.02,"42,353.74",พันธสัญญ์,ภูมิบรรเจิด
12,17/02/2023,BVG,B,"80,000",6.08,"486,000.00",398.52,27.90,"486,426.42",สุภาวรรณ,สงวนถ้อยคำ
13,17/02/2023,DELTA19P2305A,B,"100,000",0.60,"60,000.00",49.20,3.44,"60,052.64",สุภาวรรณ,สงวนถ้อยคำ
14,17/02/2023,EKH,B,"40,000",9.10,"364,000.00",298.48,20.89,"364,319.37",สุภาวรรณ,สงวนถ้อยคำ
15,17/02/2023,SINGER,B,"10,000",16.90,"169,000.00",138.58,9.70,"169,148.28",สุภาวรรณ,สงวนถ้อยคำ
16,17/02/2023,AMA,S,"25,000",6.40,"160,000.00",131.20,9.18,"159,859.62",สุภาวรรณ,สงวนถ้อยคำ
17,17/02/2023,BVG,S,"80,000",5.99,"479,500.00",393.20,27.52,"479,079.28",สุภาวรรณ,สงวนถ้อยคำ
18,17/02/2023,DELTA19P2305A,S,"100,000",0.59,"59,000.00",48.38,3.39,"58,948.23",สุภาวรรณ,สงวนถ้อยคำ
19,17/02/2023,SINGER,S,"10,000",16.90,"169,000.00",138.58,9.71,"168,851.71",สุภาวรรณ,สงวนถ้อยคำ
20,23/02/2023,AMA,B,"20,000",6.30,"126,000.00",103.32,7.23,"126,110.55",สุภาวรรณ,สงวนถ้อยคำ
21,12/04/2023,DTCENT,S,"3,000",1.97,"5,910.00",5.14,0.36,"5,904.50",ฉัตรชัย,บุตรมะไฮ
22,10/04/2023,DEXON,B,"8,000",4.30,"34,360.00",29.89,2.09,"34,391.98",อนุสรา,นพกาศ
23,17/04/2023,ARIP,B,"10,000",1.48,"14,800.00",12.14,0.85,"14,812.99",อภิชัย,วงศ์ตรีรัตนชัย
24,17/04/2023,LH,B,800,9.90,"7,920.00",6.49,0.45,"7,926.94",อภิชัย,วงศ์ตรีรัตนชัย
25,09/02/2023,KEX,B,"25,000",17.90,"447,500.00",366.96,25.69,"447,892.65",สุภาวรรณ,สงวนถ้อยคำ
26,09/02/2023,MAKRO,B,"2,300",41.75,"96,025.00",78.74,5.51,"96,109.25",สุภาวรรณ,สงวนถ้อยคำ
27,09/02/2023,YONG,B,"50,000",2.58,"129,000.00",105.78,7.40,"129,113.18",สุภาวรรณ,สงวนถ้อยคำ
28,09/02/2023,KEX,S,"45,000",17.64,"794,000.00",651.07,45.58,"793,303.35",สุภาวรรณ,สงวนถ้อยคำ
29,17/04/2023,EA,B,800,79.25,"63,400.00",55.15,3.86,"63,459.01",ฉัตรชัย,บุตรมะไฮ
30,20/02/2023,BRI,B,"17,000",11.84,"201,300.00",165.07,11.55,"201,476.62",สุภาวรรณ,สงวนถ้อยคำ
31,20/02/2023,BVG,B,"20,000",6.28,"125,500.00",102.92,7.20,"125,610.12",สุภาวรรณ,สงวนถ้อยคำ
32,20/02/2023,BVG,S,"20,000",6.30,"126,000.00",103.32,7.23,"125,889.45",สุภาวรรณ,สงวนถ้อยคำ
33,20/02/2023,EKH,S,"40,000",9.10,"364,000.00",298.47,20.90,"363,680.63",สุภาวรรณ,สงวนถ้อยคำ
34,12/04/2023,ARIP,S,"50,000",1.34,"67,000.00",58.29,4.08,"66,937.63",เสาวนี,จงวัฒนานุกูล
35,10/04/2023,DTCENT,B,"3,000",2.04,"6,120.00",5.33,0.37,"6,125.70",ฉัตรชัย,บุตรมะไฮ
36,27/02/2023,AMATA,B,"19,000",20.20,"383,800.00",314.72,22.03,"384,136.75",สุภาวรรณ,สงวนถ้อยคำ
37,27/02/2023,BRI,B,"30,000",12.00,"360,000.00",295.20,20.66,"360,315.86",สุภาวรรณ,สงวนถ้อยคำ
38,27/02/2023,PTTGC,B,"8,000",48.00,"384,000.00",314.88,22.04,"384,336.92",สุภาวรรณ,สงวนถ้อยคำ
39,27/02/2023,BRI,S,"30,000",11.90,"357,000.00",292.74,20.49,"356,686.77",สุภาวรรณ,สงวนถ้อยคำ
40,27/02/2023,PTTGC,S,"8,000",47.75,"382,000.00",313.24,21.93,"381,664.83",สุภาวรรณ,สงวนถ้อยคำ
41,07/02/2023,STGT,B,"20,000",11.45,"229,000.00",187.78,13.14,"229,200.92",สุภาวรรณ,สงวนถ้อยคำ
42,07/02/2023,TEGH,B,"17,000",5.85,"99,450.00",81.55,5.71,"99,537.26",สุภาวรรณ,สงวนถ้อยคำ
43,07/02/2023,III,S,"7,500",15.10,"113,250.00",92.87,6.50,"113,150.63",สุภาวรรณ,สงวนถ้อยคำ
44,07/02/2023,STGT,S,"10,000",11.30,"113,000.00",92.66,6.49,"112,900.85",สุภาวรรณ,สงวนถ้อยคำ
45,07/02/2023,TEGH,S,"17,000",5.85,"99,450.00",81.54,5.71,"99,362.75",สุภาวรรณ,สงวนถ้อยคำ
46,11/04/2023,LH,B,200,9.85,"1,970.00",1.62,0.11,"1,971.73",อภิชัย,วงศ์ตรีรัตนชัย
47,11/04/2023,MTC,B,"1,000",36.25,"36,250.00",29.72,2.08,"36,281.80",อภิชัย,วงศ์ตรีรัตนชัย
48,17/04/2023,AU,B,"5,000",11.10,"55,500.00",48.29,3.38,"55,551.67",เสาวนี,จงวัฒนานุกูล
49,17/04/2023,CRC,B,"1,000",44.75,"44,750.00",38.94,2.73,"44,791.67",เสาวนี,จงวัฒนานุกูล
50,17/04/2023,AU,S,"5,000",11.20,"56,000.00",48.72,3.41,"55,947.87",เสาวนี,จงวัฒนานุกูล
51,17/04/2023,SPRC,S,"5,000",10.60,"53,000.00",46.10,3.22,"52,950.68",เสาวนี,จงวัฒนานุกูล
52,10/04/2023,ARIP,B,"50,000",1.34,"67,000.00",58.29,4.08,"67,062.37",เสาวนี,จงวัฒนานุกูล
53,22/02/2023,AMA,B,"20,000",6.35,"127,000.00",104.14,7.29,"127,111.43",สุภาวรรณ,สงวนถ้อยคำ
54,22/02/2023,KTC,S,"7,000",59.00,"413,000.00",338.66,23.71,"412,637.63",สุภาวรรณ,สงวนถ้อยคำ
55,10/02/2023,MAKRO,B,"8,700",40.25,"350,175.00",287.14,20.10,"350,482.24",สุภาวรรณ,สงวนถ้อยคำ
56,10/02/2023,YONG,B,"90,000",2.54,"228,400.00",187.28,13.11,"228,600.39",สุภาวรรณ,สงวนถ้อยคำ
57,10/02/2023,MAKRO,S,"11,000",40.25,"442,750.00",363.06,25.41,"442,361.53",สุภาวรรณ,สงวนถ้อยคำ
58,10/02/2023,YONG,S,"50,000",2.48,"124,000.00",101.68,7.12,"123,891.20",สุภาวรรณ,สงวนถ้อยคำ
59,10/04/2023,JTS,B,800,34.00,"27,200.00",27.74,1.94,"27,229.68",พันธสัญญ์,ภูมิบรรเจิด
60,10/04/2023,TU,S,"1,000",13.36,"13,360.00",13.63,0.96,"13,345.41",พันธสัญญ์,ภูมิบรรเจิด
61,11/04/2023,AMATA,B,800,23.00,"18,400.00",16.00,1.12,"18,417.12",อนุสรา,นพกาศ
62,11/04/2023,BCH,B,"1,500",21.30,"31,950.00",27.80,1.95,"31,979.75",อนุสรา,นพกาศ
63,11/04/2023,ROJNA,B,"2,400",6.43,"15,430.00",13.42,0.94,"15,444.36",อนุสรา,นพกาศ
64,11/04/2023,DEXON,S,"8,000",4.26,"34,080.00",29.66,2.07,"34,048.27",อนุสรา,นพกาศ
65,11/04/2023,ROJNA,B,"5,000",6.40,"32,000.00",26.24,1.84,"32,028.08",ศิรมณ์,เสถียรรัมย์
